time,f1,f2,f3,f4,f5
0,0.09934283060224654,-0.09389487718699042,-0.20256622406688476,-0.10887654490503654,-0.0026994449475867843
1,0.4723471397657631,0.4418453420505263,0.31284946651905476,0.22218451794197322,-0.04487551912451343
2,1.1295377076201385,0.5739831281041742,0.3183951848957578,0.16980128451553944,0.49784231575397114
3,1.8046059712816052,0.9068540492859486,0.4675392597329417,0.6751396036691344,0.25583127000579553
4,1.9531693250553328,1.38172578764654,1.293129753784311,0.6798722620162391,0.7084393856676177
5,2.453172608610164,1.2840106177351072,1.204844739902693,0.9416612500413446,0.44139930855737824
6,3.3158425631014783,1.6550164334973934,1.5135056409375847,1.0796586775541206,0.7343627902203138
7,3.653486945830582,2.220875827485139,1.4650503627573086,1.7704556369017874,1.2060389138404914
