{
  "best_t": 5,
  "delta_bic": 6.372723218661335,
  "sse_single": 1.1190476190476186,
  "sse_two": 0.30000000000000004
}