{
  "best_t": 4,
  "delta_bic": 7.258047761761485,
  "sse_single": 0.8333333333333329,
  "sse_two": 0.2000000000000001
}