time,D_twonn
0,2.686146643116694
1,3.6617972104371166
2,5.473834397641784
3,4.736472772543924
4,7.169662934001827
5,6.4038883172263406
6,6.067782094798881
7,6.319577077838807
